seg_id_nhm,nsegment_v1_1
56461,19
56462,20
56463,21
56464,22
56465,23
56466,24
56467,25
56468,26
56469,27
56470,28
56471,29
56472,30
56473,31
56474,32
56475,33
56476,34
56477,35
56478,36
56479,37
56480,38
56481,39
56482,40
56483,41
56484,42
56485,43
56486,44
56487,45
56488,46
56489,47
56490,48
56491,49
56492,50
56493,51
56494,52
56495,53
56496,54
56497,55
56498,56
56499,57
56500,58
56501,59
56502,60
56503,61
56504,62
56505,63
56506,64
56507,65
56508,66
56509,67
56510,68
56511,69
56512,70
56513,71
56514,72
56515,73
56516,74
56517,75
56518,76
56519,77
56520,78
56521,79
56522,80
56523,81
56524,82
56525,83
56526,84
56527,85
56528,86
56529,87
56530,88
56531,89
56532,90
56533,91
56534,92
56535,93
56536,94
56537,95
56538,96
56539,97
56540,98
56541,99
56542,100
56543,101
56544,307
56545,308
56546,309
56547,310
56548,311
56549,312
56550,313
56551,314
56552,315
56553,316
56554,317
56555,318
56556,319
56557,320
56558,321
56559,322
56560,323
56561,324
56562,325
56563,326
56564,327
56565,328
56566,329
56567,330
56568,331
56569,332
56570,333
56571,334
56572,335
56573,336
56574,337
56575,338
56576,339
56577,340
56578,341
56579,342
56580,343
56581,344
56582,345
56583,346
56584,347
56585,348
56586,349
56587,350
56588,351
56589,352
56590,353
56591,354
56592,355
56593,356
56594,357
56595,358
56596,359
56597,360
56598,361
56599,362
56600,363
56601,364
56602,365
56603,366
56604,367
56605,368
56606,369
56607,370
56608,371
56609,372
56610,445
56611,446
56612,447
56613,448
56614,449
56615,450
56616,451
56617,452
56618,453
56619,454
56620,455
56621,456
56622,457
56623,458
56624,459
56625,460
56626,461
56627,462
56628,463
56629,464
56630,465
56631,466
56632,467
56633,468
56634,469
56635,470
56636,471
56637,472
56638,473
56639,474
56640,475
56641,476
56642,477
56643,478
56644,479
56645,480
56646,481
56647,482
56648,483
56649,484
56650,485
56651,486
56652,487
56653,488
56654,489
56655,490
56656,491
56657,492
56658,493
56659,494
56660,495
56661,496
56662,497
56663,498
56664,499
56665,500
56666,501
56667,502
56668,503
56669,504
56670,505
56671,506
56672,507
56673,508
56674,509
56675,510
56676,511
56677,512
56678,513
56679,514
56680,526
56681,527
56682,528
56683,529
56684,530
56685,531
56686,532
56687,533
56688,534
56689,535
56690,536
56691,537
56692,538
56693,539
56694,540
56695,541
56696,542
56697,543
56698,544
56699,545
56700,546
56701,547
56702,548
56703,549
56704,550
56705,551
56706,552
56707,553
56708,554
56709,555
56710,556
56711,557
56712,558
56713,559
56714,560
56715,561
56716,562
56717,563
56718,665
56719,666
56720,667
56721,668
56722,669
56723,670
56724,671
56725,672
56726,673
56727,674
56728,675
56729,676
56730,677
56731,678
56732,679
56733,680
56734,681
56735,682
56736,683
56737,684
56738,685
56739,686
56740,687
56741,688
56742,689
56743,690
56744,691
56745,692
56746,693
56747,694
56748,695
56749,696
56750,697
56751,698
56752,699
56753,700
56754,701
56755,702
56756,703
56757,704
56758,705
56759,706
56760,707
56761,708
56762,709
56763,710
56764,711
56765,712
56766,713
56767,714
56768,715
56769,716
56770,717
56771,718
56772,719
56773,720
56774,721
56775,722
56776,1063
56777,1064
56778,1065
56779,1066
56780,1067
56781,1068
56782,1069
56783,1070
56784,1071
56785,1072
56786,1073
56787,1074
56788,1075
56789,1076
56790,1077
56791,1078
56792,1079
56793,1080
56794,1081
56795,1082
56796,1083
56797,1084
56798,1085
56799,1086
56800,1087
56801,1088
56802,1089
56803,1090
56804,1091
56805,1092
56806,1093
56807,1094
56808,1095
56809,1096
56810,1097
56811,1098
56812,1099
56813,1100
56814,1101
56815,1102
56816,1103
56817,1104
56818,1105
56819,1106
56820,1107
56821,1108
56822,1109
56823,1110
56824,1111
56825,1112
56826,1113
56827,1114
56828,1115
56829,1116
56830,1117
56831,1118
56832,1119
56833,1120
56834,1121
56835,1122
56836,1123
56837,1124
56838,1125
56839,1126
56840,1127
56841,1128
56842,1129
56843,1130
56844,1131
56845,1132
56846,1133
56847,1134
56848,1135
56849,1136
56850,1137
56851,1138
56852,1139
56853,1140
56854,1141
56855,1142
56856,1143
56857,1144
56858,1145
56859,1146
56860,1147
56861,1148
56862,1149
56863,1150
56864,1151
56865,1152
56866,1153
56867,1154
56868,1155
56869,1156
56870,1157
56871,1158
56872,1292
56873,1293
56874,1294
56875,1295
56876,1296
56877,1297
56878,1298
56879,1299
56880,1300
56881,1301
56882,1302
56883,1303
56884,1304
56885,1305
56886,1306
56887,1307
56888,1308
56889,1309
56890,1310
56891,1311
56892,1312
56893,1313
56894,1314
56895,1315
56896,1316
56897,1317
56898,1318
56899,1319
56900,1320
56901,1321
56902,1322
56903,1323
56904,1324
56905,1325
56906,1326
56907,1327
56908,1328
56909,1329
56910,1330
56911,1331
56912,1332
56913,1333
56914,1334
56915,1335
56916,1336
56917,1337
56918,1338
56919,1339
56920,1340
56921,1341
56922,1342
56923,1343
56924,1344
56925,1345
56926,1346
56927,1347
56928,1348
56929,1349
56930,1350
56931,1351
56932,1352
56933,1353
56934,1354
56935,1355
56936,1356
56937,1357
56938,1358
56939,1359
56940,1360
56941,1361
56942,1362
56943,1363
56944,1364
56945,1365
56946,1366
56947,1367
56948,1368
56949,1369
56950,1370
56951,1371
56952,1372
56953,1373
56954,1374
56955,1375
56956,1376
56957,1377
56958,1403
56959,1404
56960,1405
56961,1409
56962,1411
56963,1412
56964,1413
56965,1414
56966,1416
56967,1417
56968,1418
56969,1421
56970,1422
56971,1423
56972,1424
56973,23274
56974,23275
56975,23276
56976,23277
56977,23278
56978,23279
56979,23280
56980,23281
56981,23282
56982,23283
56983,23284
56984,23285
56985,23286
56986,23287
56987,23288
56988,23289
56989,23290
56990,23291
56991,23292
56992,23293
56993,23294
56994,23295
56995,23296
56996,23297
56997,23298
56998,23299
56999,23300
57000,23301
57001,23302
57002,23303
57003,23304
57004,23305
57005,23306
57006,23307
57007,23308
57008,23309
57009,23310
57010,23311
57011,23312
57012,23313
57013,23314
57014,23315
57015,23316
57016,23317
57017,23318
57018,23319
57019,23320
57020,23321
57021,23322
57022,23323
57023,23324
57024,23325
57025,23326
57026,23327
57027,23328
57028,23329
57029,23330
57030,23331
57031,23332
57032,23333
57033,23334
57034,23335
57035,23336
57036,23337
57037,23338
57038,23339
57039,23340
57040,23341
57041,23342
57042,23343
57043,23344
57044,23345
57045,23346
57046,23347
57047,23348
57048,23349
57049,23350
57050,23351
57051,23352
57052,23353
57053,23354
57054,23355
57055,23356
57056,23357
57057,23358
57058,23359
57059,23360
57060,23361
57061,23362
57062,23363
57063,23364
57064,23365
57065,23366
57066,23367
57067,23368
57068,23369
57069,23370
57070,23371
57071,23372
57072,23373
57073,23374
57074,23375
57075,23376
57076,23377
57077,23378
57078,23379
57079,23380
57080,23381
57081,23382
57082,23383
57083,23384
57084,23385
57085,23386
57086,23387
57087,23388
57088,23389
57089,23390
57090,23391
57091,23392
57092,23393
57093,23394
57094,23395
57095,23396
57096,23397
57097,23398
57098,23399
57099,23400
57100,23401
57101,23402
57102,23403
57103,23404
57104,23405
57105,23406
57106,23407
57107,23408
57108,23409
57109,23410
57110,23411
57111,23412
57112,23413
57113,23414
57114,23415
57115,23416
57116,23417
57117,23418
57118,23419
57119,23420
57120,23421
57121,23422
57122,23423
57123,23424
57124,23425
57125,23426
57126,23427
57127,23428
57128,23429
57129,23430
57130,23431
57131,23432
57132,23433
57133,23434
57134,23435
57135,23436
57136,23437
57137,23438
57138,23439
57139,23440
57140,23441
57141,23442
57142,23443
57143,23444
57144,23445
57145,23446
57146,23447
57147,23448
57148,23449
57149,23450
57150,23451
57151,23452
57152,23453
57153,23454
57154,23455
57155,23456
57156,23457
57157,23458
57158,23459
57159,23460
57160,23461
57161,23462
57162,23463
57163,23464
57164,23465
57165,23466
57166,23467
57167,23468
57168,23469
57169,23470
57170,23471
57171,23472
57172,23473
57173,23474
57174,23475
57175,23476
57176,23477
57177,23478
57178,23479
57179,23480
57180,23481
57181,23482
57182,23483
57183,23484
57184,23485
57185,23486
57186,23487
57187,23488
57188,23489
57189,23490
57190,23491
57191,23492
57192,23493
57193,23494
57194,23495
57195,23496
57196,23497
57197,23498
57198,23499
57199,23500
57200,23501
57201,23502
57202,23503
57203,23504
57204,23505
57205,23506
57206,23507
57207,23508
57208,23509
57209,23510
57210,23511
57211,23512
57212,23513
57213,23514
57214,23515
57215,23516
57216,23517
57217,23518
57218,23519
57219,23520
57220,23521
57221,23522
57222,23523
57223,23524
57224,23525
57225,23526
57226,23527
57227,23528
57228,23529
57229,23530
57230,23531
57231,23532
57232,23533
57233,23534
57234,23535
57235,23536
57236,23537
57237,23538
57238,23539
57239,23540
57240,23541
57241,23542
57242,23543
57243,23544
57244,23545
57245,23546
57246,23547
57247,23548
57248,23549
57249,23550
57250,23551
57251,23552
57252,23553
57253,23554
57254,23555
57255,23556
57256,23557
57257,23558
57258,23559
57259,23560
57260,23561
57261,23562
57262,23563
57263,23564
57264,23565
57265,23566
57266,23567
57267,23568
57268,23569
57269,23570
57270,23571
57271,23572
57272,23573
57273,23574
57274,23575
57275,23576
57276,23577
57277,23578
57278,23579
57279,23580
57280,23581
57281,23582
57282,23583
57283,23584
57284,23585
57285,23586
57286,23587
57287,23588
57288,23589
57289,23590
57290,23591
57291,23592
57292,23593
57293,23594
57294,23595
57295,23596
57296,23597
57297,23598
57298,23599
57299,23600
57300,23601
57301,23602
57302,23603
57303,23604
57304,23605
57305,23606
57306,23607
57307,23608
57308,23609
57309,23610
57310,23611
57311,23612
57312,23613
57313,23614
57314,23615
57315,23616
57316,23617
57317,23618
57318,23619
57319,23620
57320,23621
57321,23622
57322,23623
57323,23624
57324,23625
57325,23626
57326,23627
57327,23628
57328,23629
57329,23630
57330,23631
57331,23632
57332,23633
57333,23634
57334,23635
57335,23636
57336,23637
57337,23638
57338,23639
57339,23640
57340,23641
57341,23642
57342,23643
57343,23644
57344,23645
57345,23646
57346,23647
57347,23648
57348,23649
57349,23650
57350,23651
57351,23652
57352,23653
57353,23654
57354,23655
57355,23656
57356,23657
57357,23658
57358,23659
57359,23660
57360,23661
57361,23662
57362,23663
57363,23664
57364,23665
57365,23666
57366,23667
57367,23668
57368,23669
57369,23670
57370,23671
57371,23672
57372,23673
57373,23674
57374,23675
57375,23676
57376,23677
57377,23678
57378,23679
57379,23680
57380,23681
57381,23682
57382,23683
57383,23684
57384,23685
57385,23686
57386,23687
57387,23688
57388,23689
57389,23690
57390,23691
57391,23692
57392,23693
57393,23694
57394,23695
57395,23696
57396,23697
57397,23698
57398,23699
57399,23700
57400,23701
57401,23702
57402,23703
57403,23704
57404,23705
57405,23706
57406,23707
57407,23708
57408,23709
57409,23710
57410,23711
57411,23712
57412,23713
57413,23714
57414,23715
57415,23716
57416,23717
57417,23718
57418,23719
57419,23720
57420,23721
57421,23722
57422,23723
57423,23724
57424,23725
57425,23726
57426,23727
57427,23728
57428,23729
57429,23730
57430,23731
57431,23732
57432,23733
57433,23734
57434,23735
57435,23736
57436,23737
57437,23738
57438,23739
57439,23740
57440,23741
57441,23742
57442,23743
57443,23744
57444,23745
57445,23746
57446,23747
57447,23748
57448,23749
57449,23750
57450,23751
57451,23752
57452,23753
57453,23754
57454,23755
57455,23756
57456,23757
57457,23758
57458,23759
57459,23760
57460,23761
57461,23762
57462,23763
57463,23764
57464,23765
57465,23766
57466,23767
57467,23768
57468,23769
57469,23770
57470,23771
57471,23772
57472,23773
57473,23774
57474,23775
57475,23776
57476,23777
57477,23778
57478,23779
57479,23780
57480,23781
57481,23782
57482,23783
57483,23784
57484,23785
57485,23786
57486,23787
57487,23788
57488,23789
57489,23790
57490,23791
57491,23792
57492,23793
57493,23794
57494,23795
57495,23796
57496,23797
57497,23798
57498,23799
57499,23800
57500,23801
57501,23802
57502,23803
57503,23804
57504,23805
57505,23806
57506,23807
57507,23808
57508,23809
57509,23810
57510,23811
57511,23812
57512,23813
57513,23814
57514,23815
57515,23816
57516,23817
57517,23818
57518,23819
57519,23820
57520,23821
57521,23822
57522,23823
57523,23824
57524,23825
57525,23826
57526,23827
57527,23828
57528,23829
57529,23830
57530,23831
57531,23832
57532,23833
57533,23834
57534,23835
57535,23836
57536,23837
57537,23838
57538,23839
57539,23840
57540,23841
57541,23842
57542,23843
57543,23844
57544,23845
57545,23846
57546,23847
57547,23848
57548,23849
57549,23850
57550,23851
57551,23852
57552,23853
57553,23854
57554,23855
57555,23856
57556,23857
57557,23858
57558,23859
57559,23860
57560,23861
57561,23862
57562,23863
57563,23864
57564,23865
57565,23866
57566,23867
57567,23868
57568,23869
57569,23870
57570,23871
57571,23872
57572,23873
57573,23874
57574,23875
57575,23876
57576,23877
57577,23878
57578,23879
57579,23880
57580,23881
57581,23882
57582,23883
57583,23884
57584,23885
57585,23886
57586,23887
57587,23888
57588,23889
57589,23890
57590,23891
57591,23892
57592,23893
57593,23894
57594,23895
57595,23896
57596,23897
57597,23898
57598,23899
57599,23900
57600,23901
57601,23902
57602,23903
57603,23904
57604,23905
57605,23906
57606,23907
57607,23908
57608,23909
57609,23910
57610,23911
57611,23912
57612,23913
57613,23914
57614,23915
57615,23916
57616,23917
57617,23918
57618,23919
57619,23920
57620,23921
57621,23922
57622,23923
57623,23924
57624,23925
57625,23926
57626,23927
57627,23928
57628,23929
57629,23930
57630,23931
57631,23932
57632,23933
57633,23934
57634,23935
57635,23936
57636,23937
57637,23938
57638,23939
57639,23940
57640,23941
57641,23942
57642,23943
57643,23944
57644,23945
57645,23946
57646,23947
57647,23948
57648,23949
57649,23950
57650,23951
57651,23952
57652,23953
57653,23954
57654,23955
57655,23956
57656,23957
57657,23958
57658,23959
57659,23960
57660,23961
57661,23962
57662,23963
57663,23964
57664,23965
57665,23966
57666,23967
57667,23968
57668,23969
57669,23970
57670,23971
57671,23972
57672,23973
57673,23974
57674,23975
57675,23976
57676,23977
57677,23978
57678,23979
57679,23980
57680,23981
57681,23982
57682,23983
57683,23984
57684,23985
57685,23986
57686,23987
57687,23988
57688,23989
57689,23990
57690,23991
57691,23992
57692,23993
57693,23994
57694,23995
57695,23996
57696,23997
57697,23998
57698,23999
57699,24000
57700,24001
57701,24002
57702,24003
57703,24004
57704,24005
57705,24006
57706,24007
57707,24008
57708,24009
57709,24010
57710,24011
57711,24012
57712,24013
57713,24014
57714,24015
57715,24016
57716,24017
57717,24018
57718,24019
57719,24020
57720,24021
57721,24022
57722,24023
57723,24024
57724,24025
57725,24026
57726,24027
57727,24028
57728,24029
57729,24030
57730,24031
57731,24032
57732,24033
57733,24034
57734,24035
57735,24036
57736,24037
57737,24038
57738,24039
57739,24040
57740,24041
57741,24042
57742,24043
57743,24044
57744,24045
57745,24046
57746,24047
57747,24048
57748,24049
57749,24050
57750,24051
57751,24052
57752,24053
57753,24054
57754,24055
57755,24056
57756,24057
57757,24058
57758,24059
57759,24060
57760,24061
57761,24062
57762,24063
57763,24064
57764,24065
57765,24066
57766,24067
57767,24068
57768,24069
57769,24070
57770,24071
57771,24072
57772,24073
57773,24074
57774,24075
57775,24076
57776,24077
57777,24078
57778,24079
57779,24080
57780,24081
57781,24082
57782,24083
57783,24084
57784,24085
57785,24086
57786,24087
57787,24088
57788,24089
57789,24090
57790,24091
57791,24092
57792,24093
57793,24094
57794,24095
57795,24096
57796,24097
57797,24098
57798,24099
57799,24100
57800,24101
57801,24102
57802,24103
57803,24104
57804,24105
57805,24106
57806,24107
57807,24108
57808,24109
57809,24110
57810,24111
57811,24112
57812,24113
57813,24114
57814,24115
57815,24116
57816,24117
57817,24118
57818,24119
57819,24120
57820,24121
57821,24122
57822,24123
57823,24124
57824,24125
57825,24126
57826,24127
57827,24128
57828,24129
57829,24130
57830,24131
57831,24132
57832,24133
57833,24134
57834,24135
57835,24136
57836,24137
57837,24138
57838,24139
57839,24140
57840,24141
57841,24142
57842,24143
57843,24144
57844,24145
57845,24146
57846,24147
57847,24148
57848,24149
57849,24150
57850,24151
57851,24152
57852,24153
57853,24154
57854,24155
57855,24156
57856,24157
57857,24158
57858,24159
57859,24160
57860,24161
57861,28490
57862,28491
57863,28492
57864,28493
57865,28494
57866,28495
57867,28496
57868,28497
57869,28498
57870,28499
57871,28500
57872,28501
57873,28502
57874,28503
57875,28504
57876,28505
57877,28506
57878,28507
57879,28508
57880,28654
57881,28655
57882,28656
57883,28657
57884,28658
57885,28659
57886,28660
57887,28661
57888,28662
57889,28663
57890,28664
57891,28665
57892,28666
57893,28667
57894,28668
57895,28669
57896,28670
57897,28671
57898,28672
57899,28673
57900,28674
57901,28675
57902,28676
57903,28677
57904,28678
57905,28679
57906,28680
57907,28681
57908,28682
57909,28683
57910,28684
57911,28685
57912,28686
57913,28687
57914,28688
57915,28689
57916,28690
57917,28691
57918,28692
57919,28693
57920,29563
57921,29564
57922,29565
57923,29566
57924,29567
57925,29568
57926,29569
57927,29570
57928,29571
57929,29572
57930,29573
57931,29574
57932,29575
57933,29576
57934,29577
57935,29578
57936,29579
57937,29580
57938,30272
57939,30273
57940,30274
57941,30275
57942,30276
57943,30277
57944,30278
57945,30279
57946,30280
57947,30281
57948,30282
57949,30283
57950,30284
57951,30285
57952,30286
57953,30287
57954,30288
57955,30289
57956,30290
57957,30291
57958,30292
57959,30293
57960,30294
57961,30295
57962,30296
57963,30297
57964,30298
57965,30299
57966,30300
57967,30301
57968,30302
57969,30303
57970,30304
57971,30305
57972,30306
57973,30307
57974,30308
57975,30309
57976,30310
57977,30311
57978,30312
57979,30313
57980,30314
57981,30315
57982,30316
57983,30317
57984,30318
57985,30319
57986,30320
57987,30321
57988,30322
57989,30323
57990,30324
57991,30325
57992,30326
57993,30327
57994,30328
57995,30329
57996,30330
57997,30331
57998,30332
57999,30333
58000,30334
58001,30335
58002,30336
58003,30337
58004,30338
58005,30339
58006,30340
58007,30341
58008,30342
58009,30343
58010,30344
58011,30345
58012,30346
58013,30347
58014,30348
58015,30349
58016,30350
58017,30351
58018,30352
58019,30353
58020,30354
58021,30355
58022,30356
58023,30357
58024,30358
58025,30359
58026,30360
58027,30361
58028,30362
58029,30363
58030,30364
58031,30365
58032,30366
58033,30367
58034,30368
58035,30369
58036,30370
58037,30371
58038,30372
58039,30373
58040,30374
58041,30375
58042,30376
58043,30377
58044,30378
58045,30379
58046,30380
58047,30381
58048,30382
58049,30383
58050,30384
58051,30385
58052,30386
58053,30387
58054,30388
58055,30389
58056,30390
58057,30391
58058,30392
58059,30393
58060,30394
58061,30395
58062,30396
58063,30397
58064,30398
58065,30399
58066,30400
58067,30401
58068,30402
58069,30403
58070,30404
58071,30405
58072,30406
58073,30407
58074,30408
58075,30409
58076,30410
58077,30411
58078,30412
58079,30413
58080,30414
58081,30415
58082,30416
58083,30417
58084,30418
58085,30419
58086,30420
58087,30421
58088,30422
58089,30423
58090,30424
58091,30425
58092,30426
58093,30427
58094,30428
58095,30429
58096,30430
58097,30431
58098,30432
58099,30433
58100,30434
58101,30435
58102,30436
58103,30437
58104,30438
58105,30439
58106,30440
58107,30441
58108,30442
58109,30443
58110,30444
58111,30445
58112,30446
58113,30447
58114,30448
58115,30449
58116,30450
58117,30451
58118,30452
58119,30453
58120,30454
58121,30455
58122,30456
58123,30457
58124,30458
58125,30459
58126,30460
58127,30461
58128,30462
58129,30463
58130,30464
58131,30465
58132,30466
58133,30467
58134,30468
58135,30469
58136,30470
58137,30471
58138,30472
58139,30473
58140,30474
58141,30475
58142,30476
58143,30775
58144,30776
58145,30777
58146,30778
58147,30779
58148,30780
58149,30781
58150,30782
58151,30783
58152,30784
58153,30785
58154,30786
58155,30787
58156,30788
58157,30789
58158,30790
58159,30791
58160,30792
58161,30793
58162,30794
58163,30795
58164,30796
58165,30797
58166,30798
58167,30799
58168,30800
58169,30801
58170,30802
58171,30803
58172,30804
58173,30805
58174,30806
58175,30807
58176,30808
58177,30809
58178,30810
58179,30811
58180,30812
58181,30813
58182,30814
58183,30815
58184,30816
58185,30817
58186,30818
58187,30819
58188,30820
58189,30821
58190,30822
58191,30823
58192,30824
58193,30825
58194,30826
58195,30827
58196,30828
58197,30829
58198,30830
58199,30831
58200,30832
58201,30833
58202,30834
58203,30896
58204,30897
58205,30898
58206,30899
58207,30900
58208,30901
58209,30902
58210,30903
58211,30904
58212,30905
58213,30906
58214,30907
58215,30908
58216,30909
58217,30910
58218,30911
58219,30912
58220,30913
58221,30914
58222,30915
58223,30916
58224,30917
58225,30918
58226,30919
58227,30920
58228,30921
58229,30922
58230,30923
58231,30924
58232,30925
58233,30926
58234,30927
58235,30928
58236,30929
58237,30930
58238,30931
58239,30932
58240,30933
58241,30934
58242,30935
58243,30936
58244,30937
58245,30938
58246,30939
58247,30940
58248,30941
58249,30942
58250,30943
58251,30944
58252,30945
58253,30946
58254,30947
58255,30948
58256,30949
58257,30950
58258,30951
58259,30952
58260,30953
58261,30954
58262,30955
58263,30956
58264,30957
58265,30958
58266,30959
58267,30960
58268,30961
58269,30962
58270,30963
58271,30964
58272,30965
58273,30966
58274,30967
58275,30968
58276,31054
58277,31055
58278,31056
58279,31057
58280,31058
58281,31059
58282,33616
58283,47786
58284,47787
58285,47788
58286,47789
58287,47790
58288,47791
58289,47792
58290,47793
58291,47794
58292,47795
58293,47796
58294,47797
58295,47798
58296,47799
58297,47800
58298,47801
58299,47802
58300,47803
58301,47804
58302,47805
58303,47806
58304,47807
58305,47808
58306,47809
58307,47810
58308,47811
58309,47812
58310,47813
58311,47814
58312,47815
58313,47816
58314,47817
58315,47818
58316,47819
58317,47820
58318,47821
58319,47822
58320,47823
58321,47824
58322,47825
58323,47826
58324,47827
58325,47828
58326,47829
58327,47830
58328,47831
58329,47832
58330,47833
58331,47834
58332,47835
58333,47836
58334,47837
58335,47838
58336,47839
58337,47840
58338,47841
58339,47842
58340,47843
58341,47844
58342,47845
58343,47846
58344,47847
58345,47848
58346,47849
58347,47850
58348,47851
58349,47852
58350,47853
58351,47854
58352,47855
58353,47856
58354,47857
58355,47858
58356,47859
58357,47860
58358,47861
58359,47862
58360,47863
58361,47864
58362,47865
58363,47866
58364,47867
58365,47868
58366,47869
58367,47870
58368,47871
58369,47872
58370,47873
58371,47874
58372,47875
58373,47876
58374,47877
58375,47878
58376,47879
58377,47880
58378,47881
58379,47882
58380,47883
58381,47884
58382,47885
58383,47886
58384,47887
58385,47888
58386,47889
58387,47890
58388,47891
58389,47892
58390,47893
58391,47894
58392,47895
58393,47896
58394,47897
58395,47898
58396,47899
58397,47900
58398,47901
58399,47902
58400,47903
58401,47904
58402,47905
58403,47906
58404,47907
58405,47908
58406,47909
58407,47910
58408,47911
58409,47912
58410,47913
58411,47914
58412,47915
58413,47916
58414,47917
58415,47918
58416,47919
58417,47920
58418,47921
58419,47922
58420,47923
58421,47924
58422,47925
58423,47926
58424,47927
58425,47928
58426,47929
58427,47930
58428,47931
58429,47932
58430,47933
58431,47934
58432,47935
58433,47936
58434,47937
58435,47938
58436,47939
58437,47940
58438,47941
58439,47942
58440,47943
58441,47944
58442,47945
58443,47946
58444,47947
58445,47948
58446,47949
58447,47950
58448,47951
58449,47952
58450,47953
58451,47954
58452,47955
58453,47956
58454,47957
58455,47958
58456,47959
58457,47960
58458,47961
58459,47962
58460,47963
58461,47964
58462,47965
58463,47966
58464,47967
58465,47968
58466,47969
58467,47970
58468,47971
58469,47972
58470,47973
58471,47974
58472,47975
58473,47976
58474,47977
58475,47978
58476,47979
58477,47980
58478,47981
58479,47982
58480,47983
58481,47984
58482,47985
58483,47986
58484,47987
58485,47988
58486,47989
58487,47990
58488,47991
58489,47992
58490,47993
58491,47994
58492,47995
58493,47996
58494,47997
58495,47998
58496,47999
58497,48000
58498,48001
58499,48002
58500,48003
58501,48004
58502,48005
58503,48006
58504,48007
58505,48008
58506,48009
58507,48010
58508,48011
58509,48012
58510,48013
58511,48014
58512,48015
58513,48016
58514,48017
58515,48018
58516,48019
58517,48020
58518,48021
58519,48022
58520,48023
58521,48024
58522,48025
58523,48026
58524,48027
58525,48028
58526,48029
58527,48030
58528,48031
58529,48032
58530,48033
58531,48034
58532,48035
58533,48036
58534,48037
58535,48038
58536,48039
58537,48040
58538,48041
58539,48042
58540,48043
58541,48044
58542,48045
58543,48046
58544,48047
58545,48048
58546,48049
58547,48050
58548,48051
58549,48052
58550,48053
58551,48054
58552,48055
58553,48056
58554,48057
58555,48058
58556,48059
58557,48060
58558,48061
58559,48062
58560,48063
58561,48064
58562,48065
58563,48066
58564,48067
58565,48068
58566,48069
58567,48070
58568,48071
58569,48072
58570,48073
58571,48074
58572,48075
58573,48076
58574,48077
58575,48078
58576,48079
58577,48080
58578,48081
58579,48082
58580,48083
58581,48084
58582,48085
58583,48086
58584,48087
58585,48088
58586,48089
58587,48090
58588,48091
58589,48092
58590,48093
58591,48094
58592,48095
58593,48096
58594,48097
58595,48098
58596,48099
58597,48100
58598,48101
58599,48102
58600,48103
58601,48104
58602,48105
58603,48106
58604,48107
58605,48108
58606,48109
58607,48110
58608,48111
58609,48112
58610,48113
58611,48114
58612,48115
58613,48116
58614,48117
58615,48118
58616,48119
58617,48120
58618,48121
58619,48122
58620,48123
58621,48124
58622,48125
58623,48126
58624,48127
58625,48128
58626,48129
58627,48130
58628,48131
58629,48132
58630,48133
58631,48134
58632,48135
58633,48136
58634,48137
58635,48138
58636,48139
58637,48140
58638,48141
58639,48142
58640,48143
58641,48144
58642,48145
58643,48146
58644,48147
58645,48148
58646,48149
58647,48150
58648,48151
58649,48152
58650,48153
58651,48154
58652,48155
58653,48156
58654,48157
58655,48158
58656,48159
58657,48160
58658,48161
58659,48162
58660,48163
58661,48164
58662,48165
58663,48166
58664,48167
58665,48168
58666,48169
58667,48170
58668,48171
58669,48172
58670,48173
58671,48174
58672,48175
58673,48176
58674,48177
58675,48178
58676,48179
58677,48180
58678,48181
58679,48182
58680,48183
58681,48184
58682,48185
58683,48186
58684,48187
58685,48188
58686,48189
58687,48190
58688,48191
58689,48192
58690,48193
58691,48194
58692,48195
58693,48196
58694,48197
58695,48198
58696,48199
58697,48200
58698,48201
58699,48202
58700,48203
58701,48204
58702,48205
58703,48206
58704,48207
58705,48208
58706,48209
58707,48210
58708,48211
58709,48212
58710,48213
58711,48214
58712,48215
58713,48216
58714,48217
58715,48218
58716,48219
58717,48220
58718,48221
58719,48222
58720,48223
58721,48224
58722,48225
58723,48226
58724,48227
58725,48228
58726,48229
58727,48230
58728,48231
58729,48232
58730,48233
58731,48234
58732,48235
58733,48236
58734,48237
58735,48238
58736,48239
58737,48240
58738,48241
58739,48242
58740,48243
58741,48244
58742,48245
58743,48246
58744,48247
58745,48248
58746,48249
58747,48250
58748,48251
58749,48252
58750,48253
58751,48254
58752,48255
58753,48256
58754,48257
58755,48258
58756,48259
58757,48260
58758,48261
58759,48262
58760,48263
58761,48264
58762,48265
58763,48266
58764,48267
58765,48268
58766,48269
58767,48270
58768,48271
58769,48272
58770,48273
58771,48274
58772,48275
58773,48276
58774,48277
58775,48278
58776,48279
58777,48280
58778,48281
58779,48282
58780,48283
58781,48284
58782,48285
58783,48286
58784,48287
58785,48288
58786,48289
58787,48290
58788,48291
58789,48292
58790,48293
58791,48294
58792,48295
58793,48296
58794,48297
58795,48298
58796,48299
58797,48300
58798,48301
58799,48302
58800,48303
58801,48304
58802,48305
58803,48306
58804,48307
58805,48308
58806,48309
58807,48310
58808,48311
58809,48312
58810,48313
58811,48314
58812,48315
58813,48316
58814,48317
58815,48318
58816,48319
58817,48320
58818,48321
58819,48322
58820,48323
58821,48324
58822,48325
58823,48326
58824,48327
58825,48328
58826,48329
58827,48330
58828,48331
58829,48332
58830,48333
58831,48334
58832,48335
58833,48336
58834,48337
58835,48338
58836,48339
58837,48340
58838,48341
58839,48342
58840,48343
58841,48344
58842,48345
58843,48346
58844,48347
58845,48348
58846,48349
58847,48350
58848,48351
58849,48352
58850,48353
58851,48354
58852,48355
58853,48356
58854,48357
58855,48358
58856,48359
58857,48599
58858,48600
58859,48601
58860,48602
58861,48603
58862,48604
58863,48605
58864,48606
58865,48607
58866,48608
58867,48609
58868,48610
58869,48611
58870,48612
58871,48613
58872,48614
58873,48615
58874,48616
58875,48617
58876,48618
58877,48619
58878,48620
58879,48621
58880,48622
58881,48623
58882,48624
58883,48625
58884,51238
58885,51239
58886,51240
58887,51241
58888,51242
58889,51243
58890,51244
58891,51245
58892,51246
58893,51247
58894,51248
58895,51249
58896,51250
58897,51251
58898,51252
58899,51253
58900,51254
58901,51255
58902,51256
58903,51257
58904,51258
58905,51259
58906,51260
58907,51261
58908,51262
58909,51263
58910,51264
58911,51265
58912,51266
58913,51267
58914,51268
58915,51269
58916,51270
58917,51271
58918,51272
58919,51273
58920,51274
58921,51275
58922,51276
58923,51277
58924,51278
58925,51279
58926,51280
58927,51281
58928,51282
58929,51283
58930,51284
58931,51285
58932,51286
58933,51287
58934,51288
58935,51289
58936,51290
58937,51291
58938,51292
58939,51293
58940,51294
58941,51295
58942,51296
58943,51297
58944,51298
58945,51299
58946,51300
58947,51301
58948,51302
58949,51303
58950,51305
58951,51307
58952,51308
58953,51309
58954,51310
58955,51311
58956,51312
58957,51313
58958,51314
58959,51315
58960,51316
58961,51317
58962,51318
58963,51319
58964,51320
58965,51321
58966,51322
58967,51323
58968,51324
58969,51325
58970,51326
58971,51327
58972,51328
58973,51329
58974,51330
58975,51331
58976,51332
58977,51333
58978,51334
58979,51335
58980,51336
58981,51337
58982,51338
58983,51339
58984,51340
58985,51341
58986,51342
58987,51343
58988,51344
58989,51345
58990,51346
58991,51347
58992,51348
58993,51349
58994,51350
58995,51351
58996,51352
58997,51353
58998,51354
58999,51355
59000,51356
59001,51357
59002,51358
59003,51359
59004,51360
59005,51361
59006,51362
59007,51363
59008,51364
59009,51365
59010,51366
59011,51367
59012,51368
59013,51369
59014,51370
59015,51371
59016,51372
59017,51373
59018,51374
59019,51375
59020,51376
59021,51377
59022,51378
59023,51379
59024,51380
59025,51381
59026,51382
59027,51383
59028,51384
59029,51385
59030,51386
59031,51387
59032,51388
59033,51389
59034,51390
59035,51391
59036,51392
59037,51393
59038,51394
59039,51395
59040,51396
59041,51397
59042,51398
59043,51399
59044,51400
59045,51401
59046,51402
59047,51403
59048,51404
59049,51405
59050,51406
59051,51407
59052,51408
59053,51409
59054,51410
59055,51411
59056,51412
59057,51413
59058,51414
59059,51415
59060,51416
59061,51417
59062,51418
59063,51419
59064,51420
59065,51421
59066,51422
59067,51423
59068,51424
59069,51425
59070,51426
59071,51427
59072,51428
59073,51429
59074,51430
59075,51431
59076,51432
59077,51433
59078,51434
59079,51435
59080,51436
59081,51437
59082,51438
59083,51439
59084,51440
59085,51441
59086,51442
59087,51443
59088,51444
59089,51445
59090,51446
59091,51447
59092,51448
59093,51449
59094,51450
59095,51451
59096,51452
59097,51453
59098,51454
59099,51455
59100,51456
59101,51457
59102,51458
59103,51459
59104,51460
59105,51461
59106,51462
59107,51463
59108,51464
59109,51465
59110,51466
59111,51467
59112,51468
59113,51469
59114,51470
59115,51471
59116,51472
59117,51473
59118,51474
59119,51475
59120,51476
59121,51477
59122,51478
59123,51479
59124,51480
59125,51481
59126,51482
59127,51483
59128,51484
59129,51485
59130,51486
59131,51487
59132,51488
59133,51489
59134,51490
59135,51491
59136,51492
59137,51493
59138,51494
59139,51495
59140,51496
59141,51497
59142,51498
59143,51499
59144,51500
59145,51501
59146,51502
59147,51503
59148,51504
59149,51505
59150,51506
59151,51507
59152,51508
59153,51509
59154,51510
59155,51511
59156,51512
59157,51513
59158,51514
59159,51515
59160,51516
59161,51517
59162,51518
59163,51519
59164,51520
59165,51521
59166,51522
59167,51523
59168,51524
59169,51525
59170,51526
59171,51527
59172,51528
59173,51529
59174,51530
59175,51531
59176,51532
59177,51533
59178,51534
59179,51535
59180,51536
59181,51537
59182,51538
59183,51539
59184,51540
59185,51541
59186,51542
59187,51543
59188,51544
59189,51545
59190,51546
59191,51547
59192,51548
59193,51549
59194,51550
59195,51551
59196,51552
59197,51553
59198,51554
59199,51555
59200,51556
59201,51557
59202,51558
59203,51559
59204,51560
59205,51561
59206,51562
59207,51563
59208,51564
59209,51565
59210,51566
59211,51567
59212,51568
59213,51569
59214,51570
59215,51571
59216,51572
59217,51573
59218,51574
59219,51575
59220,51576
59221,51577
59222,51578
59223,51579
59224,51580
59225,51581
59226,51582
59227,51583
59228,51584
59229,51585
59230,51586
59231,51587
59232,51588
59233,51589
59234,51590
59235,51591
59236,51592
59237,51593
59238,51594
59239,51595
59240,51596
59241,51597
59242,51598
59243,51599
59244,51600
59245,51601
59246,51602
59247,51603
59248,51604
59249,51605
59250,51606
59251,51607
59252,51608
59253,51609
59254,51610
59255,51611
59256,51612
59257,51613
59258,51614
59259,51615
59260,51616
59261,51617
59262,51618
59263,51619
59264,51620
59265,51621
59266,51622
59267,51623
59268,51624
59269,51625
59270,51626
59271,51627
59272,51628
59273,51629
59274,51630
59275,51631
59276,51632
59277,51633
59278,51634
59279,51635
59280,51636
59281,51637
59282,51638
59283,51639
59284,51640
59285,51641
59286,51642
59287,51643
59288,51644
59289,51645
59290,51646
59291,51647
59292,51648
59293,51649
59294,51650
59295,51651
59296,51652
59297,51653
59298,51654
59299,51655
59300,51656
59301,51657
59302,51658
59303,51659
59304,51660
59305,51661
59306,51662
59307,51664
59308,51665
59309,51666
59310,51667
59311,51668
59312,51669
59313,51670
59314,51671
59315,51672
59316,51673
59317,51674
59318,51675
59319,51676
59320,51677
59321,51678
59322,51679
59323,51680
59324,51681
59325,51682
59326,51683
59327,51684
59328,51685
59329,51686
59330,51687
59331,51688
59332,51689
59333,51690
59334,51691
59335,51692
59336,51693
59337,51694
59338,51695
59339,51696
59340,51697
59341,51698
59342,51699
59343,51700
59344,51701
59345,51702
59346,51703
59347,51704
59348,51705
59349,51706
59350,51707
59351,51708
59352,51709
59353,51710
59354,51711
59355,51712
59356,51713
59357,51714
59358,51715
59359,51716
59360,51717
59361,51718
59362,51719
59363,51720
59364,51721
59365,51722
59366,51723
59367,51724
59368,51725
59369,51726
59370,51727
59371,51728
59372,51729
59373,51730
59374,51731
59375,51732
59376,51733
59377,51734
59378,51735
59379,51736
59380,51737
59381,51738
59382,51739
59383,51740
59384,51741
59385,51742
59386,51743
59387,51744
59388,51745
59389,51746
59390,51747
59391,51748
59392,51749
59393,51750
59394,51751
59395,51752
59396,51753
59397,51754
59398,51755
59399,51756
59400,51757
59401,51758
59402,51759
59403,51760
59404,51761
59405,51762
59406,51763
59407,51764
59408,51765
59409,51766
59410,51767
59411,51768
59412,51769
59413,51770
59414,51771
59415,51772
59416,51773
59417,51774
59418,51775
59419,51776
59420,51777
59421,51778
59422,51779
59423,51780
59424,51891
59425,51892
59426,51893
59427,51894
59428,51895
59429,51896
59430,51897
59431,51898
59432,51899
59433,51900
59434,51901
59435,51902
59436,51903
59437,51904
59438,51905
59439,51906
59440,51907
59441,51908
59442,51909
59443,51910
59444,51911
59445,51912
59446,51913
59447,51914
59448,51915
59449,51916
59450,51917
59451,51918
59452,51919
59453,51920
59454,52357
59455,52358
59456,52359
59457,52360
59458,52361
59459,52362
59460,52363
59461,52364
59462,52365
59463,52366
59464,52367
59465,52368
59466,52369
59467,52370
59468,52371
59469,52372
59470,52373
59471,52374
59472,52375
59473,52376
59474,52377
59475,52378
59476,52379
59477,52380
59478,52381
59479,52382
59480,52383
59481,52384
59482,52385
59483,52386
59484,52387
59485,52388
59486,52389
59487,52390
59488,52391
59489,52392
59490,52393
59491,52394
59492,52395
59493,52396
59494,52397
59495,52398
59496,52399
59497,52400
59498,52401
59499,52402
59500,52403
59501,52404
59502,52405
59503,52406
59504,52407
59505,52408
59506,52409
59507,52410
59508,52411
59509,52412
59510,52413
59511,52414
59512,52415
59513,52416
59514,52417
59515,52418
59516,52419
59517,52420
59518,52421
59519,52422
59520,52423
59521,52424
59522,52425
59523,52426
59524,52427
59525,52428
59526,52429
59527,52430
59528,52431
59529,52432
59530,52433
59531,52434
59532,52435
59533,52436
59534,52437
59535,52438
59536,52439
59537,52440
59538,52441
59539,52442
59540,52443
59541,52444
59542,52445
59543,52446
59544,52447
59545,52448
59546,52449
59547,52450
59548,52451
59549,52452
59550,52453
59551,52454
59552,52455
59553,52456
59554,52457
59555,52458
59556,52459
59557,52460
59558,52461
59559,52462
59560,52463
59561,52464
59562,52465
59563,52466
59564,52467
59565,52468
59566,52469
59567,52470
59568,52471
59569,52472
59570,52473
59571,52474
59572,52475
59573,52476
59574,52477
59575,52478
59576,52479
59577,52480
59578,52481
59579,52482
59580,52483
59581,52484
59582,52485
59583,52486
59584,52487
59585,52488
59586,52489
59587,52490
59588,52491
59589,52492
59590,52493
59591,52494
59592,52495
59593,52496
59594,52497
59595,52498
59596,52499
59597,52500
59598,52501
59599,52502
59600,52503
59601,52504
59602,52505
59603,52506
59604,52507
59605,52508
59606,52509
59607,52510
59608,52511
59609,52512
59610,52513
59611,52514
59612,52515
59613,52516
59614,52517
59615,52518
59616,52519
59617,52520
59618,52521
59619,52522
59620,52523
59621,52524
59622,52525
59623,52526
59624,52527
59625,52528
59626,52529
59627,52530
59628,52531
59629,52532
59630,52533
59631,52534
59632,52535
59633,52536
59634,52537
59635,52538
59636,52539
59637,52540
59638,52541
59639,52542
59640,52543
59641,52544
59642,52545
59643,52546
59644,52547
59645,52548
59646,52549
59647,52550
59648,52551
59649,52552
59650,52553
59651,52554
59652,52555
59653,52556
59654,52557
59655,52558
59656,52559
59657,52560
59658,52561
59659,52562
59660,52563
59661,52564
59662,52565
59663,52566
59664,52567
59665,52568
59666,52569
59667,52570
59668,52571
59669,52572
59670,52573
59671,52574
59672,52575
59673,52576
59674,52577
59675,52578
59676,52579
59677,52580
59678,52581
59679,52582
59680,52583
59681,52584
59682,52585
59683,52586
59684,52587
59685,52588
59686,52589
59687,52590
59688,52591
59689,52592
59690,52593
59691,52594
59692,52595
59693,52596
59694,52597
59695,52598
59696,52599
59697,52600
59698,52601
59699,52602
59700,52603
59701,52604
59702,52605
59703,52606
59704,52607
59705,52608
59706,52609
59707,52610
59708,52611
59709,52612
59710,52613
59711,52614
59712,52615
59713,52616
59714,52617
59715,52618
59716,52619
59717,52620
59718,52621
59719,52622
59720,52623
59721,52624
59722,52625
59723,52626
59724,52627
59725,52628
59726,52629
59727,52630
59728,52631
59729,52632
59730,52633
59731,52634
59732,52635
59733,52636
59734,52637
59735,52638
59736,52639
59737,52640
59738,52641
59739,52642
59740,52643
59741,52644
59742,52645
59743,52646
59744,52647
59745,52648
59746,52649
59747,52650
59748,52651
59749,52652
59750,52653
59751,52654
59752,52655
59753,52656
59754,52657
59755,52658
59756,52659
59757,52660
59758,52661
59759,52662
59760,52663
59761,52664
59762,52665
59763,52666
59764,52667
59765,52668
59766,52669
59767,52670
59768,52671
59769,52672
59770,52673
59771,52674
59772,52675
59773,52676
59774,52677
59775,52678
59776,52679
59777,52680
59778,52681
59779,52682
59780,52683
59781,52684
59782,52685
59783,52686
59784,52687
59785,52688
59786,52689
59787,52690
59788,52691
59789,52692
59790,52693
59791,52694
59792,52695
59793,52696
59794,52697
59795,52698
59796,52699
59797,52700
59798,52701
59799,52702
59800,52703
59801,52704
59802,52705
59803,52706
59804,52707
59805,52708
59806,52709
59807,52710
59808,52711
59809,52712
59810,52713
59811,52714
59812,52715
59813,52716
59814,52717
59815,52718
59816,52719
59817,52720
59818,52721
59819,52722
59820,52723
59821,52724
59822,52725
59823,52726
59824,52727
59825,52728
59826,52729
59827,52730
59828,52731
59829,52732
59830,52733
59831,52734
59832,52735
59833,52736
59834,52737
59835,52738
59836,52739
59837,52740
59838,52741
59839,52742
59840,52743
59841,52744
59842,52745
59843,52746
59844,52747
59845,52748
59846,52749
59847,52750
59848,52751
59849,52752
59850,52753
59851,52754
59852,52755
59853,52756
59854,52757
59855,52758
59856,52759
59857,52760
59858,52761
59859,52762
59860,52763
59861,52764
59862,52765
59863,52766
59864,52767
59865,52768
59866,52769
59867,52770
59868,52771
59869,52772
59870,52773
59871,52774
59872,52775
59873,52776
59874,52777
59875,52778
59876,52779
59877,52780
59878,52781
59879,52782
59880,52783
59881,52784
59882,52785
59883,52786
59884,52787
59885,52788
59886,52789
59887,52790
59888,52791
59889,52792
59890,52793
59891,52794
59892,52795
59893,52796
59894,52797
59895,52798
59896,52799
59897,52800
59898,52801
59899,52802
59900,52803
59901,52804
59902,52805
59903,52806
59904,52807
59905,52808
59906,52809
59907,52810
59908,52811
59909,52812
59910,52813
59911,52814
59912,52815
59913,52816
59914,52817
59915,52818
59916,52819
59917,52820
59918,52821
59919,52822
59920,52823
59921,52824
59922,52825
59923,52826
59924,52827
59925,52828
59926,52829
59927,52830
59928,52831
59929,52832
59930,52833
59931,52834
59932,52835
59933,52836
59934,52837
59935,52838
59936,52839
59937,52840
59938,52841
59939,52842
59940,52843
59941,52844
59942,52845
59943,52846
59944,52847
59945,52848
59946,52849
59947,52850
59948,52851
59949,52852
59950,52853
59951,52854
59952,52855
59953,52856
59954,52857
59955,52858
59956,52859
59957,52860
59958,52861
59959,52862
59960,52863
59961,52864
59962,52865
59963,52866
59964,52867
59965,52868
59966,52869
59967,52870
59968,52871
59969,52872
59970,52873
59971,52874
59972,52875
59973,52876
59974,52877
59975,52878
59976,52879
59977,52880
59978,52881
59979,52882
59980,52883
59981,52884
59982,52885
59983,52886
59984,52887
59985,52888
59986,52889
59987,52890
59988,52891
59989,52892
59990,52893
59991,52894
59992,52895
59993,52896
59994,52897
59995,52898
59996,52899
59997,52900
59998,52901
59999,52902
60000,52903
60001,52904
60002,52905
60003,52906
60004,52907
60005,52908
60006,52909
60007,52910
60008,52911
60009,52912
60010,52913
60011,52914
60012,52915
60013,52916
60014,52917
60015,52918
60016,52919
60017,52920
60018,52921
60019,52922
60020,52923
60021,52924
60022,52925
60023,52926
60024,52927
60025,52928
60026,52929
60027,52930
60028,52931
60029,52932
60030,52933
60031,52934
60032,52935
60033,52936
60034,52937
60035,52938
60036,52939
60037,52940
60038,52941
60039,52942
60040,52943
60041,52944
60042,52945
60043,52946
60044,52947
60045,52948
60046,52949
60047,52950
60048,52951
60049,52952
60050,52953
60051,52954
60052,52955
60053,52956
60054,52957
60055,52958
60056,52959
60057,52960
60058,52961
60059,52962
60060,52963
60061,52964
60062,52965
60063,52966
60064,52967
60065,52968
60066,52969
60067,52970
60068,52971
60069,52972
60070,52973
60071,52974
60072,52975
60073,52976
60074,52977
60075,52978
60076,52979
60077,52980
60078,52981
60079,52982
60080,52983
60081,52984
60082,52985
60083,52986
60084,52987
60085,52988
60086,52989
60087,52990
60088,52991
60089,52992
60090,52993
60091,52994
60092,52995
60093,52996
60094,52997
60095,52998
60096,52999
60097,53000
60098,53001
60099,53002
60100,53003
60101,53004
60102,53308
60103,53309
60104,53310
60105,53311
60106,53312
60107,53313
60108,53314
60109,53315
60110,53316
60111,53317
60112,53318
60113,53319
60114,53320
60115,53321
60116,53322
60117,53323
60118,53324
60119,53325
60120,53326
60121,53327
60122,53328
60123,53329
60124,53330
60125,53331
60126,53332
60127,53333
60128,53334
60129,53335
60130,53336
60131,53337
60132,53338
60133,53339
60134,53340
60135,53341
60136,53342
60137,53343
60138,53344
60139,53345
60140,53346
60141,53347
60142,53348
60143,53349
60144,53350
60145,53351
60146,53352
60147,53353
60148,53354
60149,53355
60150,53356
60151,53357
60152,53358
60153,53359
60154,53360
60155,53361
60156,53362
60157,53363
60158,53364
60159,53365
60160,53366
60161,53367
60162,53368
60163,53369
60164,53370
60165,53371
60166,53372
60167,53373
60168,53374
60169,53375
60170,53376
60171,53377
60172,53378
60173,53379
60174,53380
60175,53381
60176,53382
60177,53383
60178,53384
60179,53385
60180,53386
60181,53387
60182,53388
60183,53389
60184,53390
60185,53391
60186,53392
60187,53393
60188,53394
60189,53395
60190,53396
60191,53397
60192,53398
60193,53399
60194,53400
60195,53401
60196,53402
60197,53403
60198,53404
60199,53405
60200,53406
60201,53407
60202,53408
60203,53409
60204,53410
60205,53411
60206,53412
60207,53413
60208,53414
60209,53415
60210,53416
60211,53417
60212,53418
60213,53419
60214,53420
60215,53421
60216,53422
60217,53423
60218,53424
60219,53425
60220,53426
60221,53427
60222,53428
60223,53429
60224,53430
60225,53431
60226,53489
60227,53490
60228,53491
60229,53492
60230,53493
60231,53494
60232,53495
60233,53499
60234,53500
60235,53501
60236,53502
60237,53503
60238,53504
60239,53514
60240,56461
60241,56462
60242,56463
60243,56464
60244,56465
60245,56466
60246,56467
60247,56468
60248,56469
60249,56470
60250,56471
60251,56472
60252,56473
60253,56474
60254,56475
60255,56476
60256,56477
60257,56478
60258,56479
60259,56480
60260,56481
60261,56482
60262,56483
60263,56484
60264,56485
60265,56486
60266,56487
60267,56488
60268,56489
60269,56490
60270,56491
60271,56492
60272,56493
60273,56494
60274,56495
60275,56496
60276,56497
60277,56498
60278,56499
60279,56500
60280,56501
60281,56502
60282,56503
60283,56504
60284,56505
60285,56506
60286,56507
60287,56508
60288,56509
60289,56510
60290,56511
60291,56512
60292,56513
60293,56514
60294,56515
60295,56516
60296,56517
60297,56518
60298,56519
60299,56520
60300,56521
60301,56522
60302,56523
60303,56524
60304,56525
60305,56526
60306,56527
60307,56528
60308,56529
60309,56530
60310,56531
60311,56532
60312,56533
60313,56534
60314,56535
60315,56536
60316,56537
60317,56538
60318,56539
60319,56540
60320,56541
60321,56542
60322,56543
60323,56544
60324,56545
60325,56546
60326,56547
60327,56548
60328,56549
60329,56550
60330,56551
60331,56552
60332,56553
60333,56554
60334,56555
60335,56556
60336,56557
60337,56558
60338,56559
60339,56560
60340,56561
60341,56562
60342,56563
60343,56564
60344,56565
60345,56566
60346,56567
60347,56568
60348,56569
60349,56570
60350,56571
60351,56572
60352,56573
60353,56574
60354,56575
60355,56576
60356,56577
60357,56578
60358,56579
60359,56580
60360,56581
60361,56582
60362,56583
60363,56584
60364,56585
60365,56586
60366,56587
60367,56588
60368,56589
60369,56590
60370,56591
60371,56592
60372,56593
60373,56594
60374,56595
60375,56596
60376,56597
60377,56598
60378,56599
60379,56600
60380,56601
60381,56602
60382,56603
60383,56604
60384,56605
60385,56606
60386,56607
60387,56608
60388,56609
60389,56610
60390,56611
60391,56612
60392,56613
60393,56614
60394,56615
60395,56616
60396,56617
60397,56618
60398,56619
60399,56620
60400,56621
60401,56622
60402,56623
60403,56624
60404,56625
60405,56626
60406,56627
60407,56628
60408,56629
60409,56630
60410,56631
60411,56632
60412,56633
60413,56634
60414,56635
60415,56636
60416,56637
60417,56638
60418,56639
60419,56640
60420,56641
60421,56642
60422,56643
60423,56644
60424,56645
60425,56646
60426,56647
60427,56648
60428,56649
60429,56650
60430,56651
60431,56652
60432,56653
60433,56654
60434,56655
60435,56656
60436,56657
60437,56658
60438,56659
60439,56660
60440,56661
60441,56662
60442,56663
60443,56664
60444,56665
60445,56666
60446,56667
60447,56668
60448,56669
60449,56670
60450,56671
60451,56672
60452,56673
60453,56674
60454,56675
60455,56676
60456,56677
60457,56678
60458,56679
60459,56680
60460,56681
60461,56682
60462,56683
60463,56684
60464,56685
60465,56686
60466,56687
60467,56688
60468,56689
60469,56690
60470,56691
60471,56692
60472,56693
60473,56694
60474,56695
60475,56696
60476,56697
60477,56698
60478,56699
60479,56700
60480,56701
60481,56702
60482,56703
60483,56704
60484,56705
60485,56706
60486,56707
60487,56708
60488,56709
60489,56710
60490,56711
60491,56712
60492,56713
60493,56714
60494,56715
60495,56716
60496,56717
60497,56718
60498,56719
60499,56720
60500,56721
60501,56722
60502,56723
60503,56724
60504,56725
60505,56726
60506,56727
60507,56728
60508,56729
60509,56730
60510,56731
60511,56732
60512,56733
60513,56734
60514,56735
60515,56736
60516,56737
60517,56738
60518,56739
60519,56740
60520,56741
60521,56742
60522,56743
60523,56744
60524,56745
60525,56746
60526,56747
60527,56748
60528,56749
60529,56750
60530,56751
60531,56752
60532,56753
60533,56754
60534,56755
60535,56756
60536,56757
60537,56758
60538,56759
60539,56760
60540,56761
60541,56762
60542,56763
60543,56764
60544,56765
60545,56766
60546,56767
60547,56768
60548,56769
60549,56770
60550,56771
60551,56772
60552,56773
60553,56774
60554,56775
60555,56776
60556,56777
60557,56778
60558,56779
60559,56780
60560,56781
60561,56782
60562,56783
60563,56784
60564,56785
60565,56786
60566,56787
60567,56788
60568,56789
60569,56790
60570,56791
60571,56792
60572,56793
60573,56794
60574,56795
60575,56796
60576,56797
60577,56798
60578,56799
60579,56800
60580,56801
60581,56802
60582,56803
60583,56804
60584,56805
60585,56806
60586,56807
60587,56808
60588,56809
60589,56810
60590,56811
60591,56812
60592,56813
60593,56814
60594,56815
60595,56816
60596,56817
60597,56818
60598,56819
60599,56820
60600,56821
60601,56822
60602,56823
60603,56824
60604,56825
60605,56826
60606,56827
60607,56828
60608,56829
60609,56830
60610,56831
60611,56832
60612,56833
60613,56834
60614,56835
60615,56836
60616,56837
60617,56838
60618,56839
60619,56840
60620,56841
60621,56842
60622,56843
60623,56844
60624,56845
60625,56846
60626,56847
60627,56848
60628,56849
60629,56850
60630,56851
60631,56852
60632,56853
60633,56854
60634,56855
60635,56856
60636,56857
60637,56858
60638,56859
60639,56860
60640,56861
60641,56862
60642,56863
60643,56864
60644,56865
60645,56866
60646,56867
60647,56868
60648,56869
60649,56870
60650,56871
60651,56872
60652,56873
60653,56874
60654,56875
60655,56876
60656,56877
60657,56878
60658,56879
60659,56880
60660,56881
60661,56882
60662,56883
60663,56884
60664,56885
60665,56886
60666,56887
60667,56888
60668,56889
60669,56890
60670,56891
60671,56892
60672,56893
60673,56894
60674,56895
60675,56896
60676,56897
60677,56898
60678,56899
60679,56900
60680,56901
60681,56902
60682,56903
60683,56904
60684,56905
60685,56906
60686,56907
60687,56908
60688,56909
60689,56910
60690,56911
60691,56912
60692,56913
60693,56914
60694,56915
60695,56916
60696,56917
60697,56918
60698,56919
60699,56920
60700,56921
60701,56922
60702,56923
60703,56924
60704,56925
60705,56926
60706,56927
60707,56928
60708,56929
60709,56930
60710,56931
60711,56932
60712,56933
60713,56934
60714,56935
60715,56936
60716,56937
60717,56938
60718,56939
60719,56940
60720,56941
60721,56942
60722,56943
60723,56944
60724,56945
60725,56946
60726,56947
60727,56948
60728,56949
60729,56950
60730,56951
60731,56952
60732,56953
60733,56954
60734,56955
60735,56956
60736,56957
60737,56958
60738,56959
60739,56960
60740,56961
60741,56962
60742,56963
60743,56964
60744,56965
60745,56966
60746,56967
60747,56968
60748,56969
60749,56970
60750,56971
60751,56972
60752,56973
60753,56974
60754,56975
60755,56976
60756,56977
60757,56978
60758,56979
60759,56980
60760,56981
60761,56982
60762,56983
60763,56984
60764,56985
60765,56986
60766,56987
60767,56988
60768,56989
60769,56990
60770,56991
60771,56992
60772,56993
60773,56994
60774,56995
60775,56996
60776,56997
60777,56998
60778,56999
60779,57000
60780,57001
60781,57002
60782,57003
60783,57004
60784,57005
60785,57006
60786,57007
60787,57008
60788,57009
60789,57010
60790,57011
60791,57012
60792,57013
60793,57014
60794,57015
60795,57016
60796,57017
60797,57018
60798,57019
60799,57020
60800,57021
60801,57022
60802,57023
60803,57024
60804,57025
60805,57026
60806,57027
60807,57028
60808,57029
60809,57030
60810,57031
60811,57032
60812,57033
60813,57034
60814,57035
60815,57036
60816,57037
60817,57038
60818,57039
60819,57040
60820,57041
60821,57042
60822,57043
60823,57044
60824,57045
60825,57046
60826,57047
60827,57048
60828,57049
60829,57050
60830,57051
60831,57052
60832,57053
60833,57054
60834,57055
60835,57056
60836,57057
60837,57058
60838,57059
60839,57060
60840,57061
60841,57062
60842,57063
60843,57064
60844,57065
60845,57066
60846,57067
60847,57068
60848,57069
60849,57070
60850,57071
60851,57072
60852,57073
60853,57074
60854,57075
60855,57076
60856,57077
60857,57078
60858,57079
60859,57080
60860,57081
60861,57082
60862,57083
60863,57084
60864,57085
60865,57086
60866,57087
60867,57088
60868,57089
60869,57090
60870,57091
60871,57092
60872,57093
60873,57094
60874,57095
60875,57096
60876,57097
60877,57098
60878,57099
60879,57100
60880,57101
60881,57102
60882,57103
60883,57104
60884,57105
60885,57106
60886,57107
60887,57108
60888,57109
60889,57110
60890,57111
60891,57112
60892,57113
60893,57114
60894,57115
60895,57116
60896,57117
60897,57118
60898,57119
60899,57120
60900,57121
60901,57122
60902,57123
60903,57124
60904,57125
60905,57126
60906,57127
60907,57128
60908,57129
60909,57130
60910,57131
60911,57132
60912,57133
60913,57134
60914,57135
60915,57136
60916,57137
60917,57138
60918,57139
60919,57140
60920,57141
60921,57142
60922,57143
60923,57144
60924,57145
60925,57146
60926,57147
60927,57148
60928,57149
60929,57150
60930,57151
60931,57152
60932,57153
60933,57154
60934,57155
60935,57156
60936,57157
60937,57158
60938,57159
60939,57160
60940,57161
60941,57162
60942,57163
60943,57164
60944,57165
60945,57166
60946,57167
60947,57168
60948,57169
60949,57170
60950,57171
60951,57172
60952,57173
60953,57174
60954,57175
60955,57176
60956,57177
60957,57178
60958,57179
60959,57180
60960,57181
60961,57182
60962,57183
60963,57184
60964,57185
60965,57186
60966,57187
60967,57188
60968,57189
60969,57190
60970,57191
60971,57192
60972,57193
60973,57194
60974,57195
60975,57196
60976,57197
60977,57198
60978,57199
60979,57200
60980,57201
60981,57202
60982,57203
60983,57204
60984,57205
60985,57206
60986,57207
60987,57208
60988,57209
60989,57210
60990,57211
60991,57212
60992,57213
60993,57214
60994,57215
60995,57216
60996,57217
60997,57218
60998,57219
60999,57220
61000,57221
61001,57222
61002,57223
61003,57224
61004,57225
61005,57226
61006,57227
61007,57228
61008,57229
61009,57230
61010,57231
61011,57232
61012,57233
61013,57234
61014,57235
61015,57236
61016,57237
61017,57238
61018,57239
61019,57240
61020,57241
61021,57242
61022,57243
61023,57244
61024,57245
61025,57246
61026,57247
61027,57248
61028,57249
61029,57250
61030,57251
61031,57252
61032,57253
61033,57254
61034,57255
61035,57256
61036,57257
61037,57258
61038,57259
61039,57260
61040,57261
61041,57262
61042,57263
61043,57264
61044,57265
61045,57266
61046,57267
61047,57268
61048,57269
61049,57270
61050,57271
61051,57272
61052,57273
61053,57274
61054,57275
61055,57276
61056,57277
61057,57278
61058,57279
61059,57280
61060,57281
61061,57282
61062,57283
61063,57284
61064,57285
61065,57286
61066,57287
61067,57288
61068,57289
61069,57290
61070,57291
61071,57292
61072,57293
61073,57294
61074,57295
61075,57296
61076,57297
61077,57298
61078,57299
61079,57300
61080,57301
61081,57302
61082,57303
61083,57304
61084,57305
61085,57306
61086,57307
61087,57308
61088,57309
61089,57310
61090,57311
61091,57312
61092,57313
61093,57314
61094,57315
61095,57316
61096,57317
61097,57318
61098,57319
61099,57320
61100,57321
61101,57322
61102,57323
61103,57324
61104,57325
61105,57326
61106,57327
61107,57328
61108,57329
61109,57330
61110,57331
61111,57332
61112,57333
61113,57334
61114,57335
61115,57336
61116,57337
61117,57338
61118,57339
61119,57340
61120,57341
61121,57342
61122,57343
61123,57344
61124,57345
61125,57346
61126,57347
61127,57348
61128,57349
61129,57350
61130,57351
61131,57352
61132,57353
61133,57354
61134,57355
61135,57356
61136,57357
61137,57358
61138,57359
61139,57360
61140,57361
61141,57362
61142,57363
61143,57364
61144,57365
61145,57366
61146,57367
61147,57368
61148,57369
61149,57370
61150,57371
61151,57372
61152,57373
61153,57374
61154,57375
61155,57376
61156,57377
61157,57378
61158,57379
61159,57380
61160,57381
61161,57382
61162,57383
61163,57384
61164,57385
61165,57386
61166,57387
61167,57388
61168,57389
61169,57390
61170,57391
61171,57392
61172,57393
61173,57394
61174,57395
61175,57396
61176,57397
61177,57398
61178,57399
61179,57400
61180,57401
61181,57402
61182,57403
61183,57404
61184,57405
61185,57406
61186,57407
61187,57408
61188,57409
61189,57410
61190,57411
61191,57412
61192,57413
61193,57414
61194,57415
61195,57416
61196,57417
61197,57418
61198,57419
61199,57420
61200,57421
61201,57422
61202,57423
61203,57424
61204,57425
61205,57426
61206,57427
61207,57428
61208,57429
61209,57430
61210,57431
61211,57432
61212,57433
61213,57434
61214,57435
61215,57436
61216,57437
61217,57438
61218,57439
61219,57440
61220,57441
61221,57442
61222,57443
61223,57444
61224,57445
61225,57446
61226,57447
61227,57448
61228,57449
61229,57450
61230,57451
61231,57452
61232,57453
61233,57454
61234,57455
61235,57456
61236,57457
61237,57458
61238,57459
61239,57460
61240,57461
61241,57462
61242,57463
61243,57464
61244,57465
61245,57466
61246,57467
61247,57468
61248,57469
61249,57470
61250,57471
61251,57472
61252,57473
61253,57474
61254,57475
61255,57476
61256,57477
61257,57478
61258,57479
61259,57480
61260,57481
61261,57482
61262,57483
61263,57484
61264,57485
61265,57486
61266,57487
61267,57488
61268,57489
61269,57490
61270,57491
61271,57492
61272,57493
61273,57494
61274,57495
61275,57496
61276,57497
61277,57498
61278,57499
61279,57500
61280,57501
61281,57502
61282,57503
61283,57504
61284,57505
61285,57506
61286,57507
61287,57508
61288,57509
61289,57510
61290,57511
61291,57512
61292,57513
61293,57514
61294,57515
61295,57516
61296,57517
61297,57518
61298,57519
61299,57520
61300,57521
61301,57522
61302,57523
61303,57524
61304,57525
61305,57526
61306,57527
61307,57528
61308,57529
61309,57530
61310,57531
61311,57532
61312,57533
61313,57534
61314,57535
61315,57536
61316,57537
61317,57538
61318,57539
61319,57540
61320,57541
61321,57542
61322,57543
61323,57544
61324,57545
61325,57546
61326,57547
61327,57548
61328,57549
61329,57550
61330,57551
61331,57552
61332,57553
61333,57554
61334,57555
61335,57556
61336,57557
61337,57558
61338,57559
61339,57560
61340,57561
61341,57562
61342,57563
61343,57564
61344,57565
61345,57566
61346,57567
61347,57568
61348,57569
61349,57570
61350,57571
61351,57572
61352,57573
61353,57574
61354,57575
61355,57576
61356,57577
61357,57578
61358,57579
61359,57580
61360,57581
61361,57582
61362,57583
61363,57584
61364,57585
61365,57586
61366,57587
61367,57588
61368,57589
61369,57590
61370,57591
61371,57592
61372,57593
61373,57594
61374,57595
61375,57596
61376,57597
61377,57598
61378,57599
61379,57600
61380,57601
61381,57602
61382,57603
61383,57604
61384,57605
61385,57606
61386,57607
61387,57608
61388,57609
61389,57610
61390,57611
61391,57612
61392,57613
61393,57614
61394,57615
61395,57616
61396,57617
61397,57618
61398,57619
61399,57620
61400,57621
61401,57622
61402,57623
61403,57624
61404,57625
61405,57626
61406,57627
61407,57628
61408,57629
61409,57630
61410,57631
61411,57632
61412,57633
61413,57634
61414,57635
61415,57636
61416,57637
61417,57638
61418,57639
61419,57640
61420,57641
61421,57642
61422,57643
61423,57644
61424,57645
61425,57646
61426,57647
61427,57648
61428,57649
61429,57650
61430,57651
61431,57652
61432,57653
61433,57654
61434,57655
61435,57656
61436,57657
61437,57658
61438,57659
61439,57660
61440,57661
61441,57662
61442,57663
61443,57664
61444,57665
61445,57666
61446,57667
61447,57668
61448,57669
61449,57670
61450,57671
61451,57672
61452,57673
61453,57674
61454,57675
61455,57676
61456,57677
61457,57678
61458,57679
61459,57680
61460,57681
61461,57682
61462,57683
61463,57684
61464,57685
61465,57686
61466,57687
61467,57688
61468,57689
61469,57690
61470,57691
61471,57692
61472,57693
61473,57694
61474,57695
61475,57696
61476,57697
61477,57698
61478,57699
61479,57700
61480,57701
61481,57702
61482,57703
61483,57704
61484,57705
61485,57706
61486,57707
61487,57708
61488,57709
61489,57710
61490,57711
61491,57712
61492,57713
61493,57714
61494,57715
61495,57716
61496,57717
61497,57718
61498,57719
61499,57720
61500,57721
61501,57722
61502,57723
61503,57724
61504,57725
61505,57726
61506,57727
61507,57728
61508,57729
61509,57730
61510,57731
61511,57732
61512,57733
61513,57734
61514,57735
61515,57736
61516,57737
61517,57738
61518,57739
61519,57740
61520,57741
61521,57742
61522,57743
61523,57744
61524,57745
61525,57746
61526,57747
61527,57748
61528,57749
61529,57750
61530,57751
61531,57752
61532,57753
61533,57754
61534,57755
61535,57756
61536,57757
61537,57758
61538,57759
61539,57760
61540,57761
61541,57762
61542,57763
61543,57764
61544,57765
61545,57766
61546,57767
61547,57768
61548,57769
61549,57770
61550,57771
61551,57772
61552,57773
61553,57774
61554,57775
61555,57776
61556,57777
61557,57778
61558,57779
61559,57780
61560,57781
61561,57782
61562,57783
61563,57784
61564,57785
61565,57786
61566,57787
61567,57788
61568,57789
61569,57790
61570,57791
61571,57792
61572,57793
61573,57794
61574,57795
61575,57796
61576,57797
61577,57798
61578,57799
61579,57800
61580,57801
61581,57802
61582,57803
61583,57804
61584,57805
61585,57806
61586,57807
61587,57808
61588,57809
61589,57810
61590,57811
61591,57812
61592,57813
61593,57814
61594,57815
61595,57816
61596,57817
61597,57818
61598,57819
61599,57820
61600,57821
61601,57822
61602,57823
61603,57824
61604,57825
61605,57826
61606,57827
61607,57828
61608,57829
61609,57830
61610,57831
61611,57832
61612,57833
61613,57834
61614,57835
61615,57836
61616,57837
61617,57838
61618,57839
61619,57840
61620,57841
61621,57842
61622,57843
61623,57844
61624,57845
61625,57846
61626,57847
61627,57848
61628,57849
61629,57850
61630,57851
61631,57852
61632,57853
61633,57854
61634,57855
61635,57856
61636,57857
61637,57858
61638,57859
61639,57860
61640,57861
61641,57862
61642,57863
61643,57864
61644,57865
61645,57866
61646,57867
61647,57868
61648,57869
61649,57870
61650,57871
61651,57872
61652,57873
61653,57874
61654,57875
61655,57876
61656,57877
61657,57878
61658,57879
61659,57880
61660,57881
61661,57882
61662,57883
61663,57884
61664,57885
61665,57886
61666,57887
61667,57888
61668,57889
61669,57890
61670,57891
61671,57892
61672,57893
61673,57894
61674,57895
61675,57896
61676,57897
61677,57898
61678,57899
61679,57900
61680,57901
61681,57902
61682,57903
61683,57904
61684,57905
61685,57906
61686,57907
61687,57908
61688,57909
61689,57910
61690,57911
61691,57912
61692,57913
61693,57914
61694,57915
61695,57916
61696,57917
61697,57918
61698,57919
61699,57920
61700,57921
61701,57922
61702,57923
61703,57924
61704,57925
61705,57926
61706,57927
61707,57928
61708,57929
61709,57930
61710,57931
61711,57932
61712,57933
61713,57934
61714,57935
61715,57936
61716,57937
61717,57938
61718,57939
61719,57940
61720,57941
61721,57942
61722,57943
61723,57944
61724,57945
61725,57946
61726,57947
61727,57948
61728,57949
61729,57950
61730,57951
61731,57952
61732,57953
61733,57954
61734,57955
61735,57956
61736,57957
61737,57958
61738,57959
61739,57960
61740,57961
61741,57962
61742,57963
61743,57964
61744,57965
61745,57966
61746,57967
61747,57968
61748,57969
61749,57970
61750,57971
61751,57972
61752,57973
61753,57974
61754,57975
61755,57976
61756,57977
61757,57978
61758,57979
61759,57980
61760,57981
61761,57982
61762,57983
61763,57984
61764,57985
61765,57986
61766,57987
61767,57988
61768,57989
61769,57990
61770,57991
61771,57992
61772,57993
61773,57994
61774,57995
61775,57996
61776,57997
61777,57998
61778,57999
61779,58000
61780,58001
61781,58002
61782,58003
61783,58004
61784,58005
61785,58006
61786,58007
61787,58008
61788,58009
61789,58010
61790,58011
61791,58012
61792,58013
61793,58014
61794,58015
61795,58016
61796,58017
61797,58018
61798,58019
61799,58020
61800,58021
61801,58022
61802,58023
61803,58024
61804,58025
61805,58026
61806,58027
61807,58028
61808,58029
61809,58030
61810,58031
61811,58032
61812,58033
61813,58034
61814,58035
61815,58036
61816,58037
61817,58038
61818,58039
61819,58040
61820,58041
61821,58042
61822,58043
61823,58044
61824,58045
61825,58046
61826,58047
61827,58048
61828,58049
61829,58050
61830,58051
61831,58052
61832,58053
61833,58054
61834,58055
61835,58056
61836,58057
61837,58058
61838,58059
61839,58060
61840,58061
61841,58062
61842,58063
61843,58064
61844,58065
61845,58066
61846,58067
61847,58068
61848,58069
61849,58070
61850,58071
61851,58072
61852,58073
61853,58074
61854,58075
61855,58076
61856,58077
61857,58078
61858,58079
61859,58080
61860,58081
61861,58082
61862,58083
61863,58084
61864,58085
61865,58086
61866,58087
61867,58088
61868,58089
61869,58090
61870,58091
61871,58092
61872,58093
61873,58094
61874,58095
61875,58096
61876,58097
61877,58098
61878,58099
61879,58100
61880,58101
61881,58102
61882,58103
61883,58104
61884,58105
61885,58106
61886,58107
61887,58108
61888,58109
61889,58110
61890,58111
61891,58112
61892,58113
61893,58114
61894,58115
61895,58116
61896,58117
61897,58118
61898,58119
61899,58120
61900,58121
61901,58122
61902,58123
61903,58124
61904,58125
61905,58126
61906,58127
61907,58128
61908,58129
61909,58130
61910,58131
61911,58132
61912,58133
61913,58134
61914,58135
61915,58136
61916,58137
61917,58138
61918,58139
61919,58140
61920,58141
61921,58142
61922,58143
61923,58144
61924,58145
61925,58146
61926,58147
61927,58148
61928,58149
61929,58150
61930,58151
61931,58152
61932,58153
61933,58154
61934,58155
61935,58156
61936,58157
61937,58158
61938,58159
61939,58160
61940,58161
61941,58162
61942,58163
61943,58164
61944,58165
61945,58166
61946,58167
61947,58168
61948,58169
61949,58170
61950,58171
61951,58172
61952,58173
61953,58174
61954,58175
61955,58176
61956,58177
61957,58178
61958,58179
61959,58180
61960,58181
61961,58182
61962,58183
61963,58184
61964,58185
61965,58186
61966,58187
61967,58188
61968,58189
61969,58190
61970,58191
61971,58192
61972,58193
61973,58194
61974,58195
61975,58196
61976,58197
61977,58198
61978,58199
61979,58200
61980,58201
61981,58202
61982,58203
61983,58204
61984,58205
61985,58206
61986,58207
61987,58208
61988,58209
61989,58210
61990,58211
61991,58212
61992,58213
61993,58214
61994,58215
61995,58216
61996,58217
61997,58218
61998,58219
61999,58220
62000,58221
62001,58222
62002,58223
62003,58224
62004,58225
62005,58226
62006,58227
62007,58228
62008,58229
62009,58230
62010,58231
62011,58232
62012,58233
62013,58234
62014,58235
62015,58236
62016,58237
62017,58238
62018,58239
62019,58240
62020,58241
62021,58242
62022,58243
62023,58244
62024,58245
62025,58246
62026,58247
62027,58248
62028,58249
62029,58250
62030,58251
62031,58252
62032,58253
62033,58254
62034,58255
62035,58256
62036,58257
62037,58258
62038,58259
62039,58260
62040,58261
62041,58262
62042,58263
62043,58264
62044,58265
62045,58266
62046,58267
62047,58268
62048,58269
62049,58270
62050,58271
62051,58272
62052,58273
62053,58274
62054,58275
62055,58276
62056,58277
62057,58278
62058,58279
62059,58280
62060,58281
62061,58282
62062,58283
62063,58284
62064,58285
62065,58286
62066,58287
62067,58288
62068,58289
62069,58290
62070,58291
62071,58292
62072,58293
62073,58294
62074,58295
62075,58296
62076,58297
62077,58298
62078,58299
62079,58300
62080,58301
62081,58302
62082,58303
62083,58304
62084,58305
62085,58306
62086,58307
62087,58308
62088,58309
62089,58310
62090,58311
62091,58312
62092,58313
62093,58314
62094,58315
62095,58316
62096,58317
62097,58318
62098,58319
62099,58320
62100,58321
62101,58322
62102,58323
62103,58324
62104,58325
62105,58326
62106,58327
62107,58328
62108,58329
62109,58330
62110,58331
62111,58332
62112,58333
62113,58334
62114,58335
62115,58336
62116,58337
62117,58338
62118,58339
62119,58340
62120,58341
62121,58342
62122,58343
62123,58344
62124,58345
62125,58346
62126,58347
62127,58348
62128,58349
62129,58350
62130,58351
62131,58352
62132,58353
62133,58354
62134,58355
62135,58356
62136,58357
62137,58358
62138,58359
62139,58360
62140,58361
62141,58362
62142,58363
62143,58364
62144,58365
62145,58366
62146,58367
62147,58368
62148,58369
62149,58370
62150,58371
62151,58372
62152,58373
62153,58374
62154,58375
62155,58376
62156,58377
62157,58378
62158,58379
62159,58380
62160,58381
62161,58382
62162,58383
62163,58384
62164,58385
62165,58386
62166,58387
62167,58388
62168,58389
62169,58390
62170,58391
62171,58392
62172,58393
62173,58394
62174,58395
62175,58396
62176,58397
62177,58398
62178,58399
62179,58400
62180,58401
62181,58402
62182,58403
62183,58404
62184,58405
62185,58406
62186,58407
62187,58408
62188,58409
62189,58410
62190,58411
62191,58412
62192,58413
62193,58414
62194,58415
62195,58416
62196,58417
62197,58418
62198,58419
62199,58420
62200,58421
62201,58422
62202,58423
62203,58424
62204,58425
62205,58426
62206,58427
62207,58428
62208,58429
62209,58430
62210,58431
62211,58432
62212,58433
62213,58434
62214,58435
62215,58436
62216,58437
62217,58438
62218,58439
62219,58440
62220,58441
62221,58442
62222,58443
62223,58444
62224,58445
62225,58446
62226,58447
62227,58448
62228,58449
62229,58450
62230,58451
62231,58452
62232,58453
62233,58454
62234,58455
62235,58456
62236,58457
62237,58458
62238,58459
62239,58460
62240,58461
62241,58462
62242,58463
62243,58464
62244,58465
62245,58466
62246,58467
62247,58468
62248,58469
62249,58470
62250,58471
62251,58472
62252,58473
62253,58474
62254,58475
62255,58476
62256,58477
62257,58478
62258,58479
62259,58480
62260,58481
62261,58482
62262,58483
62263,58484
62264,58485
62265,58486
62266,58487
62267,58488
62268,58489
